DROP SCHEMA IF EXISTS `edusharehub` ;
CREATE SCHEMA IF NOT EXISTS `edusharehub` DEFAULT CHARACTER SET latin1 ;
USE `edusharehub` ;

-- User Table
CREATE TABLE IF NOT EXISTS `edusharehub`.`User` (
  UserID INT AUTO_INCREMENT PRIMARY KEY,
  Name VARCHAR(255) NOT NULL,
  Email VARCHAR(255) NOT NULL UNIQUE
);

-- Textbook Table
CREATE TABLE IF NOT EXISTS `edusharehub`.`textbooks` (
  TextbookID INT AUTO_INCREMENT PRIMARY KEY,
  ISBN CHAR(13) NOT NULL,
  Author VARCHAR(255) NOT NULL,
  Title VARCHAR(255) NOT NULL,
  UserID INT NOT NULL,
  FOREIGN KEY (UserID) REFERENCES User(UserID)
  ON UPDATE CASCADE 
  ON DELETE CASCADE
);

-- Wishlist Table
CREATE TABLE IF NOT EXISTS  `edusharehub`.`Wishlist` (
  WishlistID INT AUTO_INCREMENT PRIMARY KEY,
  Name VARCHAR(50) NOT NULL,
  UserID INT NOT NULL,
  FOREIGN KEY (UserID) REFERENCES User(UserID)
  ON UPDATE CASCADE 
  ON DELETE CASCADE
);

-- Wishlist Item Table
CREATE TABLE IF NOT EXISTS `edusharehub`. `WishlistItem` (
  WishlistItemID INT AUTO_INCREMENT PRIMARY KEY,
  WishlistID INT NOT NULL,
  TextbookID INT NOT NULL,
  FOREIGN KEY (WishlistID) REFERENCES Wishlist(WishlistID)
  ON UPDATE CASCADE 
  ON DELETE CASCADE,
  FOREIGN KEY (TextbookID) REFERENCES textbooks(TextbookID)
  ON UPDATE CASCADE 
  ON DELETE CASCADE
);

-- Exchange Offer Table
CREATE TABLE IF NOT EXISTS `edusharehub`.`ExchangeOffer` (
  OfferID INT AUTO_INCREMENT PRIMARY KEY,
  TextbookID INT NOT NULL,
  UserID INT NOT NULL,
  ConditionState VARCHAR(255) NOT NULL,
  Price DECIMAL(10, 2) NOT NULL,
  FOREIGN KEY (TextbookID) REFERENCES textbooks(TextbookID)
  ON UPDATE CASCADE 
  ON DELETE CASCADE,
  FOREIGN KEY (UserID) REFERENCES User(UserID)
  ON UPDATE CASCADE 
  ON DELETE CASCADE
);

-- Exchange Transaction Table
CREATE TABLE IF NOT EXISTS `edusharehub`.`ExchangeTransaction` (
  TransactionID INT AUTO_INCREMENT PRIMARY KEY,
  OfferID INT NOT NULL,
  RequesterID INT NOT NULL,
  Status VARCHAR(255) NOT NULL,
  FOREIGN KEY (OfferID) REFERENCES ExchangeOffer(OfferID)
  ON UPDATE CASCADE 
  ON DELETE CASCADE,
  FOREIGN KEY (RequesterID) REFERENCES User(UserID)
  ON UPDATE CASCADE 
  ON DELETE CASCADE
);

-- Community Table
CREATE TABLE IF NOT EXISTS `edusharehub`.`Community` (
  CommunityID INT AUTO_INCREMENT PRIMARY KEY,
  Name VARCHAR(255) NOT NULL,
  Description TEXT NOT NULL
);

-- Membership Table
CREATE TABLE IF NOT EXISTS `edusharehub`.`Membership` (
  CommunityID INT,
  UserID INT,
  Role VARCHAR(255) NOT NULL,
  PRIMARY KEY (CommunityID, UserID),
  FOREIGN KEY (CommunityID) REFERENCES Community(CommunityID)
  ON UPDATE CASCADE 
  ON DELETE CASCADE,
  FOREIGN KEY (UserID) REFERENCES User(UserID)
  ON UPDATE CASCADE 
  ON DELETE CASCADE
);

-- Sharing Session Table
CREATE TABLE IF NOT EXISTS `edusharehub`.`SharingSession` (
  SessionID INT AUTO_INCREMENT PRIMARY KEY,
  CommunityID INT NOT NULL,
  ResourceID INT,
  Schedule DATETIME NOT NULL,
  FOREIGN KEY (CommunityID) REFERENCES Community(CommunityID)
  ON UPDATE CASCADE 
  ON DELETE CASCADE,
  FOREIGN KEY (ResourceID) REFERENCES textbooks(TextbookID)
  ON UPDATE CASCADE 
  ON DELETE CASCADE
);

-- Digital Resource Table
CREATE TABLE IF NOT EXISTS `edusharehub`.`DigitalResource` (
  ResourceID INT AUTO_INCREMENT PRIMARY KEY,
  UserID INT NOT NULL,
  Title VARCHAR(255) NOT NULL,
  Format VARCHAR(50) NOT NULL,
  AccessURL VARCHAR(255) NOT NULL,
  FOREIGN KEY (UserID) REFERENCES User(UserID)
  ON UPDATE CASCADE 
  ON DELETE CASCADE
);

-- Recycling Event Table
CREATE TABLE IF NOT EXISTS `edusharehub`.`RecyclingEvent` (
  EventID INT AUTO_INCREMENT PRIMARY KEY,
  Location VARCHAR(255) NOT NULL,
  Date DATE NOT NULL,
  Description TEXT NOT NULL
);

-- Event Participation Table
CREATE TABLE IF NOT EXISTS `edusharehub`.`EventParticipation` (
  UserID INT,
  EventID INT,
  Role VARCHAR(255) NOT NULL,
  PRIMARY KEY (UserID, EventID),
  FOREIGN KEY (UserID) REFERENCES User(UserID)
  ON UPDATE CASCADE 
  ON DELETE CASCADE,
  FOREIGN KEY (EventID) REFERENCES RecyclingEvent(EventID)
  ON UPDATE CASCADE 
  ON DELETE CASCADE
);


INSERT INTO User (Name, Email) VALUES
('Alex Johnson', 'alex.johnson@university.edu'),
('Jordan Lee', 'jordan.lee@university.edu'),
('Taylor Kim', 'taylor.kim@university.edu'),
('Morgan Rivera', 'morgan.rivera@university.edu'),
('Emma Smith', 'emma.smith@university.edu'),
('Noah Brown', 'noah.brown@university.edu'),
('Olivia Wilson', 'olivia.wilson@university.edu'),
('Liam Martinez', 'liam.martinez@university.edu'),
('Ava Anderson', 'ava.anderson@university.edu'),
('William Taylor', 'william.taylor@university.edu'),
('Sophia Thomas', 'sophia.thomas@university.edu'),
('Benjamin Hernandez', 'benjamin.hernandez@university.edu'),
('Isabella Garcia', 'isabella.garcia@university.edu'),
('James Lopez', 'james.lopez@university.edu'),
('Amelia Perez', 'amelia.perez@university.edu'),
('Lucas Scott', 'lucas.scott@university.edu'),
('Mia Flores', 'mia.flores@university.edu'),
('Henry Mitchell', 'henry.mitchell@university.edu'),
('Charlotte Nguyen', 'charlotte.nguyen@university.edu'),
('Ethan King', 'ethan.king@university.edu'),
('Evelyn Cooper', 'evelyn.cooper@university.edu'),
('Alexander Hill', 'alexander.hill@university.edu'),
('Harper Green', 'harper.green@university.edu'),
('Michael Adams', 'michael.adams@university.edu'),
('Avery Baker', 'avery.baker@university.edu'),
('Elizabeth Wright', 'elizabeth.wright@university.edu'),
('Daniel Hall', 'daniel.hall@university.edu'),
('Sofia Perez', 'sofia.perez@university.edu'),
('Jackson Long', 'jackson.long@university.edu'),
('Aria Gonzalez', 'aria.gonzalez@university.edu'),
('Logan Campbell', 'logan.campbell@university.edu'),
('Abigail Allen', 'abigail.allen@university.edu');

INSERT INTO textbooks (ISBN, Author, Title, UserID) VALUES
('978-0-13-6083', 'Robert Sedgewick', 'Algorithms', 1),
('978-0-07-0324', 'Abraham Silberschatz', 'Database System', 1),
('978-0-13-9038', 'David Curr', 'Physics', 1),
('978-0-32-1558', 'Andrew S. Tanenbaum', 'Computer Networks', 1),
('978-0-26-2033', 'Tom M. Mitchell', 'Machine Learning', 1),
('978-0-59-6005', 'O\'Reilly Media', 'Learning Python', 1),
('978-1-11-8651', 'Robert Sedgewick', 'Algorithms', 1),
('978-0-13-3966', 'Erich Gamma', 'Design Patterns', 1),
('978-0-33-1776', 'Robert L. Boylestad', 'Electronic Devices and Circuit Theory', 1),
('978-0-13-4457', 'Andrew Ng', 'Deep Learning', 1),
('978-1-29-3275', 'Al Sweigart', 'Automate the Boring Stuff with Python', 1),
('978-0-13-1103', 'Richard Stevens', 'Advanced Programming in the UNIX Environment', 1),
('978-0-13-1872', 'Harvey Deitel', 'C++ How to Program', 2),
('978-0-32-1776', 'Robert L. Boylestad', 'Electronic Devices and Circuit Theory', 2),
('978-0-13-4437', 'Andrew Ng', 'Deep Learning', 2),
('978-1-59-3275', 'Al Sweigart', 'Automate the Boring Stuff with Python', 2),
('978-0-13-1103', 'Richard Stevens', 'Advanced Programming in the UNIX Environment', 2),
('978-0-13-1872', 'Harvey Deitel', 'C++ How to Program', 3),
('978-0-32-1774', 'Robert L. Boylestad', 'Electronic Devices and Circuit Theory', 3),
('978-0-13-4457', 'Andrew Ng', 'Deep Learning', 3),
('978-1-59-9570', 'Al Sweigart', 'Automate the Boring Stuff with Python', 3),
('978-0-13-1103', 'Richard Stevens', 'Advanced Programming in the UNIX Environment', 3),
('978-0-13-9038', 'David Curr', 'Physics', 2),
('978-0-32-1558', 'Andrew S. Tanenbaum', 'Computer Networks', 2),
('978-0-26-2033', 'Tom M. Mitchell', 'Machine Learning', 2),
('978-0-59-6005', 'O\'Reilly Media', 'Learning Python', 2),
('978-1-11-8651', 'Robert Sedgewick', 'Algorithms', 2),
('847-1-29-8583', 'Alex Blu', 'Intro biochemistry', 3),
('978-1-31-9347', 'Jean David', 'Intro psychology', 2),
('978-1-18-0284', 'Pierre Luc', 'Behavioral Science', 1),
('978-1-41-8057', 'Robert Desanto', 'Intro Neurology', 2),
('978-0-21-9435', 'Amanda Smith', 'Introduction to Chemistry', 1),
('978-0-75-8352', 'Jessica White', 'Anatomy and Physiology', 1),
('978-0-44-7236', 'Michael Johnson', 'Introduction to Sociology', 1),
('978-1-11-2736', 'Sarah Adams', 'English Literature', 1),
('978-1-14-3297', 'Emily Brown', 'World History', 1),
('978-0-91-7452', 'Daniel Clark', 'Calculus', 1),
('978-1-61-4932', 'Maria Garcia', 'Spanish Grammar', 1),
('978-0-57-6239', 'John Miller', 'Art History', 1),
('978-0-32-2845', 'Laura Taylor', 'Environmental Science', 1),
('978-0-10-3025', 'Kevin Robinson', 'Economics', 1);



INSERT INTO Wishlist (Name, UserID) VALUES
('My Favorite Textbooks', 1),
('Study Materials', 2),
('Data Science', 1),
('Algorithms', 1),
('Operating Systems', 1),
('Computer Graphics', 1),
('Artificial Intelligence', 1),
('Database Management Systems', 1),
('Web Development', 1),
('Software Engineering', 1),
('Networking', 1),
('Cybersecurity', 1),
('Machine Learning', 1),
('Computer Architecture', 1),
('Data Structures', 1),
('Mobile App Development', 1),
('Game Development', 1),
('Embedded Systems', 1),
('Robotics', 1),
('Bioinformatics', 1),
('Cryptography', 1),
('Computer Vision', 1),
('Cloud Computing', 1),
('Natural Language Processing', 1),
('Quantum Computing', 1),
('Big Data Analytics', 1),
('Internet of Things (IoT)', 1),
('Computer Security', 2),
('Software Testing', 2),
('Data Mining', 2),
('Parallel Computing', 3),
('Computer Animation', 3);

-- Generating 200 rows of data for WishlistItem

INSERT INTO WishlistItem (WishlistID, TextbookID)
SELECT
    FLOOR(RAND() * (SELECT MAX(WishlistID) FROM Wishlist)) + 1 AS WishlistID,
    FLOOR(RAND() * (SELECT MAX(TextbookID) FROM textbooks)) + 1 AS TextbookID
FROM
    -- Creating a temporary table with 200 rows
    (SELECT 1 UNION SELECT 2 UNION SELECT 3 UNION SELECT 4 UNION SELECT 5) AS t1,
    (SELECT 1 UNION SELECT 2 UNION SELECT 3 UNION SELECT 4 UNION SELECT 5) AS t2,
    (SELECT 1 UNION SELECT 2 UNION SELECT 3 UNION SELECT 4 UNION SELECT 5) AS t3,
    (SELECT 1 UNION SELECT 2 UNION SELECT 3 UNION SELECT 4 UNION SELECT 5) AS t4,
    (SELECT 1 UNION SELECT 2 UNION SELECT 3 UNION SELECT 4 UNION SELECT 5) AS t5
    LIMIT 500;


INSERT INTO ExchangeOffer (TextbookID, UserID, ConditionState, Price) VALUES
(1, 1, 'Very Good', 20.00),
(2, 1, 'Good', 15.50),
(3, 2, 'Good', 18.75),
(4, 2, 'Fair', 12.00),
(5, 3, 'Very Good', 22.50),
(6, 3, 'Poor', 10.00),
(7, 1, 'Good', 17.00),
(8, 2, 'Very Good', 21.25),
(9, 3, 'Fair', 13.75),
(10, 1, 'Good', 16.50),
(11, 2, 'Good', 18.25),
(12, 3, 'Very Good', 23.75),
(13, 1, 'Fair', 11.50),
(14, 2, 'Good', 17.25),
(15, 3, 'Very Good', 20.50),
(16, 1, 'Good', 19.25),
(17, 2, 'Fair', 14.75),
(18, 3, 'Very Good', 24.00),
(19, 1, 'Good', 16.75),
(20, 2, 'Very Good', 21.50),
(21, 1, 'Good', 18.50),
(22, 2, 'Fair', 13.25),
(23, 3, 'Very Good', 23.00),
(24, 1, 'Good', 17.75),
(25, 2, 'Very Good', 20.50),
(26, 3, 'Good', 19.25),
(27, 1, 'Fair', 12.50),
(28, 2, 'Good', 17.75),
(29, 3, 'Very Good', 21.00),
(30, 1, 'Good', 18.25),
(31, 2, 'Fair', 14.00),
(32, 3, 'Very Good', 22.25),
(33, 1, 'Good', 19.50),
(34, 2, 'Good', 18.75),
(35, 3, 'Very Good', 24.50),
(36, 1, 'Fair', 13.75),
(37, 2, 'Good', 19.25),
(38, 3, 'Very Good', 22.75),
(39, 1, 'Good', 18.00),
(40, 2, 'Good', 17.50);

INSERT INTO ExchangeTransaction (OfferID, RequesterID, Status) VALUES
(1, 1, 'Pending'),
(2, 2, 'Accepted'),
(3, 3, 'Pending'),
(4, 1, 'Accepted'),
(5, 2, 'Pending'),
(6, 3, 'Pending'),
(7, 1, 'Accepted'),
(8, 2, 'Pending'),
(9, 3, 'Accepted'),
(10, 1, 'Pending'),
(11, 2, 'Accepted'),
(12, 3, 'Pending'),
(13, 1, 'Accepted'),
(14, 2, 'Pending'),
(15, 3, 'Accepted'),
(16, 1, 'Pending'),
(17, 2, 'Accepted'),
(18, 3, 'Pending'),
(19, 1, 'Accepted'),
(20, 2, 'Pending'),
(21, 3, 'Accepted'),
(22, 1, 'Pending'),
(23, 2, 'Accepted'),
(24, 3, 'Pending'),
(25, 1, 'Accepted'),
(26, 2, 'Pending'),
(27, 3, 'Accepted'),
(28, 1, 'Pending'),
(29, 2, 'Accepted'),
(30, 3, 'Pending'),
(31, 1, 'Pending'),
(32, 2, 'Accepted'),
(33, 3, 'Pending'),
(34, 1, 'Accepted'),
(35, 2, 'Pending'),
(36, 3, 'Pending'),
(37, 1, 'Accepted'),
(38, 2, 'Pending'),
(39, 3, 'Accepted'),
(40, 1, 'Pending'),
(1, 2, 'Accepted'),
(2, 3, 'Pending'),
(3, 1, 'Accepted'),
(4, 2, 'Pending'),
(5, 3, 'Pending'),
(6, 1, 'Accepted'),
(7, 2, 'Pending'),
(8, 3, 'Accepted'),
(9, 1, 'Pending'),
(10, 2, 'Accepted'),
(11, 3, 'Pending'),
(12, 1, 'Accepted'),
(13, 2, 'Pending'),
(14, 3, 'Accepted'),
(15, 1, 'Pending'),
(16, 2, 'Accepted'),
(17, 3, 'Pending'),
(18, 1, 'Accepted'),
(19, 2, 'Pending'),
(20, 3, 'Accepted'),
(21, 1, 'Pending'),
(22, 2, 'Accepted'),
(23, 3, 'Pending'),
(24, 1, 'Accepted'),
(25, 2, 'Pending'),
(26, 3, 'Accepted'),
(27, 1, 'Pending'),
(28, 2, 'Accepted'),
(29, 3, 'Pending'),
(30, 1, 'Accepted'),
(31, 2, 'Pending'),
(32, 3, 'Pending'),
(33, 1, 'Accepted'),
(34, 2, 'Pending'),
(35, 3, 'Accepted'),
(36, 1, 'Pending'),
(37, 2, 'Accepted'),
(38, 3, 'Pending'),
(39, 1, 'Accepted'),
(40, 2, 'Pending'),
(1, 3, 'Pending'),
(2, 1, 'Accepted'),
(3, 2, 'Pending'),
(4, 3, 'Accepted'),
(5, 1, 'Pending'),
(6, 2, 'Accepted'),
(7, 3, 'Pending'),
(8, 1, 'Accepted'),
(9, 2, 'Pending'),
(10, 3, 'Accepted'),
(11, 1, 'Pending'),
(12, 2, 'Accepted'),
(13, 3, 'Pending'),
(14, 1, 'Accepted'),
(15, 2, 'Pending'),
(16, 3, 'Pending'),
(17, 1, 'Accepted'),
(18, 2, 'Pending'),
(19, 3, 'Accepted'),
(20, 1, 'Pending'),
(21, 2, 'Accepted'),
(22, 3, 'Pending'),
(23, 1, 'Accepted'),
(24, 2, 'Pending'),
(25, 3, 'Accepted'),
(26, 1, 'Pending'),
(27, 2, 'Accepted'),
(28, 3, 'Pending'),
(29, 1, 'Accepted'),
(30, 2, 'Pending'),
(31, 3, 'Pending'),
(32, 1, 'Accepted'),
(33, 2, 'Pending'),
(34, 3, 'Accepted'),
(35, 1, 'Pending'),
(36, 2, 'Accepted'),
(37, 3, 'Pending'),
(38, 1, 'Accepted'),
(39, 2, 'Pending'),
(40, 3, 'Accepted'),
(1, 1, 'Pending'),
(2, 2, 'Accepted'),
(3, 3, 'Pending'),
(4, 1, 'Accepted'),
(5, 2, 'Pending'),
(6, 3, 'Pending'),
(7, 1, 'Accepted'),
(8, 2, 'Pending'),
(9, 3, 'Accepted'),
(10, 1, 'Pending'),
(11, 2, 'Accepted'),
(12, 3, 'Pending'),
(13, 1, 'Accepted'),
(14, 2, 'Pending'),
(15, 3, 'Accepted'),
(16, 1, 'Pending'),
(17, 2, 'Accepted'),
(18, 3, 'Pending'),
(19, 1, 'Accepted'),
(20, 2, 'Pending'),
(21, 3, 'Accepted'),
(22, 1, 'Pending'),
(23, 2, 'Accepted'),
(24, 3, 'Pending'),
(25, 1, 'Accepted'),
(26, 2, 'Pending'),
(27, 3, 'Accepted'),
(28, 1, 'Pending'),
(29, 2, 'Accepted'),
(30, 3, 'Pending'),
(31, 1, 'Pending'),
(32, 2, 'Accepted'),
(33, 3, 'Pending'),
(34, 1, 'Accepted'),
(35, 2, 'Pending'),
(36, 3, 'Pending'),
(37, 1, 'Accepted'),
(38, 2, 'Pending'),
(39, 3, 'Accepted'),
(40, 1, 'Pending'),
(1, 2, 'Accepted'),
(2, 3, 'Pending'),
(3, 1, 'Accepted'),
(4, 2, 'Pending'),
(5, 3, 'Pending'),
(6, 1, 'Accepted'),
(7, 2, 'Pending'),
(8, 3, 'Accepted'),
(9, 1, 'Pending'),
(10, 2, 'Accepted'),
(11, 3, 'Pending'),
(12, 1, 'Accepted'),
(13, 2, 'Pending'),
(14, 3, 'Accepted'),
(15, 1, 'Pending'),
(16, 2, 'Accepted'),
(17, 3, 'Pending'),
(18, 1, 'Accepted'),
(19, 2, 'Pending'),
(20, 3, 'Accepted'),
(21, 1, 'Pending'),
(22, 2, 'Accepted'),
(23, 3, 'Pending'),
(24, 1, 'Accepted'),
(25, 2, 'Pending'),
(26, 3, 'Accepted'),
(27, 1, 'Pending'),
(28, 2, 'Accepted'),
(29, 3, 'Pending'),
(30, 1, 'Accepted'),
(31, 2, 'Pending'),
(32, 3, 'Pending'),
(33, 1, 'Accepted'),
(34, 2, 'Pending'),
(35, 3, 'Accepted'),
(36, 1, 'Pending'),
(37, 2, 'Accepted'),
(38, 3, 'Pending'),
(39, 1, 'Accepted'),
(40, 2, 'Pending'),
(1, 3, 'Pending'),
(2, 1, 'Accepted'),
(3, 2, 'Pending'),
(4, 3, 'Accepted'),
(5, 1, 'Pending'),
(6, 2, 'Accepted'),
(7, 3, 'Pending'),
(8, 1, 'Accepted'),
(9, 2, 'Pending'),
(10, 3, 'Accepted'),
(11, 1, 'Pending'),
(12, 2, 'Accepted'),
(13, 3, 'Pending'),
(14, 1, 'Accepted'),
(15, 2, 'Pending'),
(16, 3, 'Pending'),
(17, 1, 'Accepted'),
(18, 2, 'Pending'),
(19, 3, 'Accepted'),
(20, 1, 'Pending'),
(21, 2, 'Accepted'),
(22, 3, 'Pending'),
(23, 1, 'Accepted'),
(24, 2, 'Pending'),
(25, 3, 'Accepted'),
(26, 1, 'Pending'),
(27, 2, 'Accepted'),
(28, 3, 'Pending'),
(29, 1, 'Accepted'),
(30, 2, 'Pending');

INSERT INTO Community (Name, Description) VALUES
('Sustainability Club', 'Focused on promoting sustainability in campus life.'),
('Programming Hub', 'Community for sharing coding resources and knowledge.'),
('Mathematics Enthusiasts', 'A community for students passionate about mathematics.'),
('Science Club', 'A club dedicated to exploring various branches of science.'),
('Literature Lovers', 'A group of students who appreciate and discuss literature.'),
('Programming Wizards', 'A community for coding enthusiasts and aspiring software developers.'),
('Artistic Creations', 'A space for students to share and discuss their creative works.'),
('History Buffs', 'A group of students interested in exploring historical events and topics.'),
('Language Learners', 'A community for students learning new languages.'),
('Business Minds', 'A group focused on discussing and exploring business concepts.'),
('Music Makers', 'A club for musicians and music lovers.'),
('Environmental Activists', 'A community dedicated to promoting environmental awareness and sustainability.'),
('Health and Wellness', 'A group focused on discussing health-related topics and promoting wellness.'),
('Film Fanatics', 'A community for students passionate about cinema and filmmaking.'),
('Photography Club', 'A club for photography enthusiasts to share and critique photos.'),
('Culinary Explorers', 'A group interested in exploring different cuisines and cooking techniques.'),
('Travel Enthusiasts', 'A community for students who love to travel and explore new destinations.'),
('Debate Society', 'A club for students interested in debating and discussing various topics.'),
('Chess Club', 'A community for chess players to meet and play games.'),
('Robotics Team', 'A group dedicated to designing and building robots for competitions.'),
('Fitness Freaks', 'A club focused on promoting physical fitness and healthy lifestyle habits.'),
('Fashion Forward', 'A community for students interested in fashion and style trends.'),
('Book Club', 'A club for avid readers to discuss and recommend books.'),
('Volunteer Network', 'A group dedicated to organizing and participating in volunteer activities.'),
('Film Production', 'A community for students interested in filmmaking and video production.'),
('Data Science Society', 'A club for students interested in data analysis and machine learning.'),
('Gaming Guild', 'A group of gamers who gather to play and discuss video games.'),
('Investment Club', 'A community for students interested in learning about investing and finance.'),
('Sustainability Club', 'A group focused on promoting sustainable practices and initiatives.'),
('Entrepreneurship Society', 'A club for aspiring entrepreneurs to collaborate and share ideas.'),
('Artificial Intelligence Hub', 'A community for students interested in AI and machine learning technologies.'),
('Music Makers', 'A club for musicians and music lovers.'),
('Environmental Activists', 'A community dedicated to promoting environmental awareness and sustainability.'),
('Health and Wellness', 'A group focused on discussing health-related topics and promoting wellness.'),
('Film Fanatics', 'A community for students passionate about cinema and filmmaking.'),
('Photography Club', 'A club for photography enthusiasts to share and critique photos.'),
('Culinary Explorers', 'A group interested in exploring different cuisines and cooking techniques.'),
('Travel Enthusiasts', 'A community for students who love to travel and explore new destinations.'),
('Debate Society', 'A club for students interested in debating and discussing various topics.'),
('Chess Club', 'A community for chess players to meet and play games.'),
('Robotics Team', 'A group dedicated to designing and building robots for competitions.'),
('Fitness Freaks', 'A club focused on promoting physical fitness and healthy lifestyle habits.'),
('Fashion Forward', 'A community for students interested in fashion and style trends.'),
('Book Club', 'A club for avid readers to discuss and recommend books.'),
('Volunteer Network', 'A group dedicated to organizing and participating in volunteer activities.'),
('Film Production', 'A community for students interested in filmmaking and video production.'),
('Data Science Society', 'A club for students interested in data analysis and machine learning.'),
('Gaming Guild', 'A group of gamers who gather to play and discuss video games.'),
('Investment Club', 'A community for students interested in learning about investing and finance.'),
('Sustainability Club', 'A group focused on promoting sustainable practices and initiatives.'),
('Entrepreneurship Society', 'A club for aspiring entrepreneurs to collaborate and share ideas.'),
('Artificial Intelligence Hub', 'A community for students interested in AI and machine learning technologies.'),
('Music Lovers', 'A group for students passionate about music and concerts.'),
('Coding Enthusiasts', 'A community for students interested in coding and programming languages.'),
('Math Wizards', 'A group dedicated to exploring advanced mathematical concepts and theories.'),
('Science Enthusiasts', 'A community for students passionate about various scientific disciplines.'),
('Literary Circle', 'A group for students to share and discuss literature from different genres.'),
('Tech Innovators', 'A community for aspiring software developers and tech enthusiasts.'),
('Creative Minds', 'A space for students to showcase their creative talents and projects.');


INSERT INTO Membership (CommunityID, UserID, Role)
VALUES
-- Community 1
(1, 1, 'Member'),
(1, 2, 'Member'),
(1, 3, 'Member'),
-- Community 2
(2, 1, 'Member'),
(2, 2, 'Member'),
(2, 3, 'Member'),
-- Community 3
(3, 1, 'Member'),
(3, 2, 'Moderator'),
(3, 3, 'Member'),
-- Community 4
(4, 1, 'Member'),
(4, 2, 'Moderator'),
(4, 3, 'Member'),
-- Community 5
(5, 1, 'Member'),
(5, 2, 'Member'),
(5, 3, 'Member'),
-- Community 6
(6, 1, 'Member'),
(6, 2, 'Member'),
(6, 3, 'Member'),
-- Community 7
(7, 1, 'Member'),
(7, 2, 'Moderator'),
(7, 3, 'Member'),
-- Community 8
(8, 1, 'Member'),
(8, 2, 'Member'),
(8, 3, 'Member'),
-- Community 9
(9, 1, 'Member'),
(9, 2, 'Member'),
(9, 3, 'Member'),
-- Community 10
(10, 1, 'Moderator'),
(10, 2, 'Member'),
(10, 3, 'Member'),
-- Community 11
(11, 1, 'Member'),
(11, 2, 'Member'),
(11, 3, 'Member'),
-- Community 12
(12, 1, 'Member'),
(12, 2, 'Member'),
(12, 3, 'Member'),
-- Community 13
(13, 1, 'Member'),
(13, 2, 'Member'),
(13, 3, 'Member'),
-- Community 14
(14, 1, 'Member'),
(14, 2, 'Member'),
(14, 3, 'Member'),
-- Community 15
(15, 1, 'Member'),
(15, 2, 'Member'),
(15, 3, 'Member'),
-- Community 16
(16, 1, 'Member'),
(16, 2, 'Member'),
(16, 3, 'Member'),
-- Community 17
(17, 1, 'Member'),
(17, 2, 'Member'),
(17, 3, 'Member'),
-- Community 18
(18, 1, 'Member'),
(18, 2, 'Member'),
(18, 3, 'Member'),
-- Community 19
(19, 1, 'Member'),
(19, 2, 'Member'),
(19, 3, 'Member'),
-- Community 20
(20, 1, 'Member'),
(20, 2, 'Member'),
(20, 3, 'Member'),
-- Community 21
(21, 1, 'Member'),
(21, 2, 'Member'),
(21, 3, 'Member'),
-- Community 22
(22, 1, 'Member'),
(22, 2, 'Member'),
(22, 3, 'Member'),
-- Community 23
(23, 1, 'Member'),
(23, 2, 'Member'),
(23, 3, 'Member'),
-- Community 24
(24, 1, 'Member'),
(24, 2, 'Member'),
(24, 3, 'Member'),
-- Community 25
(25, 1, 'Member'),
(25, 2, 'Member'),
(25, 3, 'Member'),
-- Community 26
(26, 1, 'Member'),
(26, 2, 'Member'),
(26, 3, 'Member'),
-- Community 27
(27, 1, 'Member'),
(27, 2, 'Member'),
(27, 3, 'Member'),
-- Community 28
(28, 1, 'Member'),
(28, 2, 'Member'),
(28, 3, 'Member'),
-- Community 29
(29, 1, 'Member'),
(29, 2, 'Member'),
(29, 3, 'Member'),
-- Community 30
(30, 1, 'Member'),
(30, 2, 'Member'),
(30, 3, 'Member'),
-- Community 31
(31, 1, 'Member'),
(31, 2, 'Member'),
(31, 3, 'Member'),
-- Community 32
(32, 1, 'Member'),
(32, 2, 'Member'),
(32, 3, 'Member'),
-- Community 33
(33, 1, 'Member'),
(33, 2, 'Member'),
(33, 3, 'Member'),
-- Community 34
(34, 1, 'Member'),
(34, 2, 'Member'),
(34, 3, 'Member'),
-- Community 35
(35, 1, 'Member'),
(35, 2, 'Member'),
(35, 3, 'Member'),
-- Community 36
(36, 1, 'Member'),
(36, 2, 'Member'),
(36, 3, 'Member'),
-- Community 37
(37, 1, 'Member'),
(37, 2, 'Member'),
(37, 3, 'Member'),
-- Community 38
(38, 1, 'Member'),
(38, 2, 'Member'),
(38, 3, 'Member'),
-- Community 39
(39, 1, 'Member'),
(39, 2, 'Member'),
(39, 3, 'Member'),
-- Community 40
(40, 1, 'Member'),
(40, 2, 'Member'),
(40, 3, 'Member'),
-- Community 41
(41, 1, 'Member'),
(41, 2, 'Member'),
(41, 3, 'Member'),
-- Community 42
(42, 1, 'Member'),
(42, 2, 'Member'),
(42, 3, 'Member'),
-- Community 43
(43, 1, 'Member'),
(43, 2, 'Member'),
(43, 3, 'Member'),
-- Community 44
(44, 1, 'Member'),
(44, 2, 'Member'),
(44, 3, 'Member'),
-- Community 45
(45, 1, 'Member'),
(45, 2, 'Member'),
(45, 3, 'Member'),
-- Community 46
(46, 1, 'Member'),
(46, 2, 'Member'),
(46, 3, 'Member'),
-- Community 47
(47, 1, 'Member'),
(47, 2, 'Member'),
(47, 3, 'Member'),
-- Community 48
(48, 1, 'Member'),
(48, 2, 'Member'),
(48, 3, 'Member'),
-- Community 49
(49, 1, 'Member'),
(49, 2, 'Member'),
(49, 3, 'Member'),
-- Community 50
(50, 1, 'Moderator'),
(50, 2, 'Moderator'),
(50, 3, 'Moderator'),
-- Community 51
(51, 1, 'Moderator'),
(51, 2, 'Member'),
(51, 3, 'Member'),
-- Community 52
(52, 1, 'Member'),
(52, 2, 'Member'),
(52, 3, 'Member'),
-- Community 53
(53, 1, 'Moderator'),
(53, 2, 'Member'),
(53, 3, 'Member'),
-- Community 54
(54, 1, 'Member'),
(54, 2, 'Moderator'),
(54, 3, 'Member'),
-- Community 55
(55, 1, 'Member'),
(55, 2, 'Member'),
(55, 3, 'Moderator');





-- Generate additional data for the SharingSession table
INSERT INTO SharingSession (CommunityID, ResourceID, Schedule)
SELECT
    FLOOR(RAND() * 32) + 1 AS CommunityID,
    CASE WHEN RAND() < 0.5 THEN NULL ELSE FLOOR(RAND() * 30) + 1 END AS ResourceID,
    NOW() - INTERVAL FLOOR(RAND() * 100) DAY - INTERVAL FLOOR(RAND() * 24) HOUR - INTERVAL FLOOR(RAND() * 60) MINUTE AS Schedule
FROM
    (SELECT 1 AS n UNION SELECT 2 UNION SELECT 3 UNION SELECT 4 UNION SELECT 5) AS t1,
    (SELECT 1 AS n UNION SELECT 2 UNION SELECT 3 UNION SELECT 4 UNION SELECT 5) AS t2,
    (SELECT 1 AS n UNION SELECT 2 UNION SELECT 3 UNION SELECT 4 UNION SELECT 5) AS t3,
    (SELECT 1 AS n UNION SELECT 2 UNION SELECT 3 UNION SELECT 4 UNION SELECT 5) AS t4
LIMIT 180; -- Adjust the limit to generate the desired number of rows





INSERT INTO DigitalResource (UserID, Title, Format, AccessURL) VALUES
(1, 'Introduction to Biology', 'PDF', 'https://example.com/biology_intro.pdf'),
(1, 'Chemistry Essentials', 'ePub', 'https://example.com/chemistry_essentials.epub'),
(1, 'Physics Fundamentals', 'PDF', 'https://example.com/physics_fundamentals.pdf'),
(1, 'Calculus Basics', 'PDF', 'https://example.com/calculus_basics.pdf'),
(1, 'Computer Science 101', 'ePub', 'https://example.com/cs101.epub'),
(1, 'Art History Overview', 'PDF', 'https://example.com/art_history.pdf'),
(1, 'Spanish Grammar Guide', 'PDF', 'https://example.com/spanish_grammar.pdf'),
(2, 'Literature Classics', 'ePub', 'https://example.com/literature_classics.epub'),
(2, 'Economics Principles', 'PDF', 'https://example.com/economics_principles.pdf'),
(2, 'Psychology Basics', 'PDF', 'https://example.com/psychology_basics.pdf'),
(2, 'Sociology Introduction', 'PDF', 'https://example.com/sociology_intro.pdf'),
(2, 'History Overview', 'PDF', 'https://example.com/history_overview.pdf'),
(2, 'Environmental Science', 'ePub', 'https://example.com/environmental_science.epub'),
(2, 'Geology Fundamentals', 'PDF', 'https://example.com/geology_fundamentals.pdf'),
(3, 'Statistics Essentials', 'PDF', 'https://example.com/statistics_essentials.pdf'),
(3, 'Music Theory Basics', 'PDF', 'https://example.com/music_theory.pdf'),
(3, 'Political Science Intro', 'ePub', 'https://example.com/political_science_intro.epub'),
(3, 'Anthropology Insights', 'PDF', 'https://example.com/anthropology_insights.pdf'),
(3, 'Philosophy Fundamentals', 'PDF', 'https://example.com/philosophy_fundamentals.pdf'),
(3, 'Engineering Basics', 'ePub', 'https://example.com/engineering_basics.epub'),
(3, 'Marketing Essentials', 'PDF', 'https://example.com/marketing_essentials.pdf'),
(3, 'Finance Principles', 'PDF', 'https://example.com/finance_principles.pdf'),
(3, 'Nutrition Basics', 'PDF', 'https://example.com/nutrition_basics.pdf'),
(3, 'Foreign Language Learning', 'ePub', 'https://example.com/foreign_language.epub'),
(1, 'Artificial Intelligence Concepts', 'PDF', 'https://example.com/ai_concepts.pdf'),
(1, 'Web Development Crash Course', 'PDF', 'https://example.com/web_dev_crash_course.pdf'),
(1, 'Data Visualization Techniques', 'ePub', 'https://example.com/data_visualization.epub'),
(1, 'Machine Learning Algorithms', 'PDF', 'https://example.com/ml_algorithms.pdf'),
(1, 'Cybersecurity Fundamentals', 'PDF', 'https://example.com/cybersecurity_fundamentals.pdf'),
(2, 'Literary Analysis Guide', 'PDF', 'https://example.com/literary_analysis_guide.pdf'),
(2, 'Microeconomics Principles', 'ePub', 'https://example.com/microeconomics_principles.epub'),
(2, 'Social Psychology Insights', 'PDF', 'https://example.com/social_psychology_insights.pdf'),
(2, 'Cultural Anthropology Overview', 'PDF', 'https://example.com/cultural_anthropology.pdf'),
(3, 'Marketing Strategies Handbook', 'PDF', 'https://example.com/marketing_strategies_handbook.pdf');


INSERT INTO RecyclingEvent (Location, Date, Description) VALUES
('Campus Center', '2024-04-22', 'Campus Recycling Drive'),
('Student Center Lobby', '2024-05-01', 'Donate your old textbooks and get discounts on new ones!'),
('Library Entrance', '2024-05-03', 'Exchange your used study materials and help others!'),
('Science Building Atrium', '2024-05-06', 'Join us in our book swap event and reduce waste!'),
('Quad Area', '2024-05-08', 'Recycle your textbooks and receive eco-friendly giveaways!'),
('Art Gallery Hall', '2024-05-10', 'Donate your old books and promote sustainability!'),
('Engineering Lab Building', '2024-05-12', 'Participate in our recycling drive and win prizes!'),
('Cafeteria', '2024-05-15', 'Bring your used textbooks and trade them for ones you need!'),
('Student Union Plaza', '2024-05-18', 'Support our book exchange event and save money!'),
('Business School Lobby', '2024-05-20', 'Recycle your textbooks and earn rewards!'),
('Dormitory Common Room', '2024-05-22', 'Donate your study materials and make a difference!'),
('Gymnasium Entrance', '2024-05-25', 'Join our recycling event and win exciting prizes!'),
('Auditorium Foyer', '2024-05-28', 'Exchange your old textbooks for ones you want!'),
('Health Center Lobby', '2024-05-30', 'Donate your used books and support sustainability!'),
('Music Hall Lobby', '2024-06-02', 'Participate in our book swap and meet new friends!'),
('Theater Lobby', '2024-06-05', 'Recycle your textbooks and contribute to the community!'),
('Student Lounge', '2024-06-08', 'Bring your old textbooks and exchange them for new ones!'),
('Art Studio Lobby', '2024-06-10', 'Support our recycling initiative and get rewards!'),
('Athletic Center Entrance', '2024-06-13', 'Donate your study materials and help the environment!'),
('Computer Lab Lobby', '2024-06-16', 'Join our book exchange event and save money!'),
('Outdoor Amphitheater', '2024-06-19', 'Recycle your textbooks and win exciting prizes!'),
('Student Government Office', '2024-06-22', 'Donate your old books and support sustainability!'),
('Language Lab Lobby', '2024-06-25', 'Participate in our recycling drive and make a difference!'),
('Dance Studio Lobby', '2024-06-28', 'Exchange your old textbooks for ones you want!'),
('Research Center Atrium', '2024-07-01', 'Recycle your textbooks and earn rewards!'),
('Library Study Room', '2024-07-04', 'Donate your study materials and get eco-friendly giveaways!'),
('Mathematics Department Lobby', '2024-07-07', 'Join our book swap event and reduce waste!'),
('History Department Lobby', '2024-07-10', 'Recycle your textbooks and support our initiative!'),
('Physics Department Lobby', '2024-07-13', 'Donate your old books and make a difference!'),
('Chemistry Department Lobby', '2024-07-16', 'Participate in our recycling drive and win prizes!'),
('Biology Department Lobby', '2024-07-19', 'Exchange your old textbooks for ones you need!'),
('Computer Science Department Lobby', '2024-07-22', 'Recycle your textbooks and save money!'),
('Student Services Center', '2024-07-25', 'Donate your textbooks and support sustainability!'),
('Fine Arts Building', '2024-07-28', 'Participate in our book swap event and reduce waste!'),
('Student Health Services', '2024-07-31', 'Exchange your old textbooks for ones you want!'),
('Main Quad', '2024-08-03', 'Recycle your textbooks and contribute to the community!'),
('Music Department Lobby', '2024-08-06', 'Donate your used books and get eco-friendly giveaways!'),
('Student Recreation Center', '2024-08-09', 'Join our recycling drive and make a difference!'),
('Engineering Department Lobby', '2024-08-12', 'Recycle your textbooks and win exciting prizes!'),
('Student Housing Office', '2024-08-15', 'Donate your study materials and help the environment!'),
('School of Business Atrium', '2024-08-18', 'Join our book exchange event and save money!'),
('Library Meeting Room', '2024-08-21', 'Recycle your textbooks and win exciting prizes!'),
('Student Union Theater', '2024-08-24', 'Donate your old books and support sustainability!'),
('Language Department Lobby', '2024-08-27', 'Participate in our recycling drive and make a difference!'),
('Dance Department Studio', '2024-08-30', 'Exchange your old textbooks for ones you want!'),
('Computer Science Lab', '2024-09-02', 'Recycle your textbooks and earn rewards!'),
('Physics Department Auditorium', '2024-09-05', 'Donate your study materials and get eco-friendly giveaways!'),
('Biology Department Office', '2024-09-08', 'Join our book swap event and reduce waste!'),
('Chemistry Department Lecture Hall', '2024-09-11', 'Recycle your textbooks and support our initiative!'),
('Mathematics Department Seminar Room', '2024-09-14', 'Donate your old books and make a difference!'),
('History Department Meeting Room', '2024-09-17', 'Participate in our recycling drive and win prizes!'),
('Fine Arts Department Gallery', '2024-09-20', 'Exchange your old textbooks for ones you need!'),
('Literature Department Lounge', '2024-09-23', 'Recycle your textbooks and save money!'),
('Computer Engineering Department Lobby', '2024-09-26', 'Donate your textbooks and support sustainability!'),
('Psychology Department Office', '2024-09-29', 'Participate in our book swap event and reduce waste!'),
('Sociology Department Meeting Room', '2024-10-02', 'Exchange your old textbooks for ones you want!'),
('Geology Department Seminar Room', '2024-10-05', 'Recycle your textbooks and contribute to the community!'),
('Anthropology Department Lounge', '2024-10-08', 'Donate your used books and get eco-friendly giveaways!'),
('Political Science Department Office', '2024-10-11', 'Join our recycling drive and make a difference!'),
('Economics Department Lobby', '2024-10-14', 'Recycle your textbooks and win exciting prizes!'),
('Philosophy Department Lecture Hall', '2024-10-17', 'Donate your study materials and help the environment!'),
('Religious Studies Department Lounge', '2024-10-20', 'Join our book exchange event and save money!'),
('Communication Department Studio', '2024-10-23', 'Recycle your textbooks and win exciting prizes!'),
('Criminal Justice Department Office', '2024-10-26', 'Donate your old books and support sustainability!'),
('Education Department Lobby', '2024-10-29', 'Participate in our recycling drive and make a difference!'),
('Nursing Department Meeting Room', '2024-11-01', 'Exchange your old textbooks for ones you want!'),
('Engineering Physics Department Lobby', '2024-11-04', 'Recycle your textbooks and earn rewards!'),
('Art History Department Seminar Room', '2024-11-07', 'Donate your study materials and get eco-friendly giveaways!'),
('International Studies Department Lounge', '2024-11-10', 'Join our book swap event and reduce waste!'),
('Gender Studies Department Office', '2024-11-13', 'Recycle your textbooks and support our initiative!'),
('Environmental Science Department Lobby', '2024-11-16', 'Participate in our recycling drive and win prizes!'),
('African American Studies Department Lounge', '2024-11-19', 'Exchange your old textbooks for ones you need!'),
('Asian Studies Department Seminar Room', '2024-11-22', 'Recycle your textbooks and save money!'),
('Latin American Studies Department Office', '2024-11-25', 'Donate your textbooks and support sustainability!'),
('Middle Eastern Studies Department Lounge', '2024-11-28', 'Participate in our book swap event and reduce waste!'),
('European Studies Department Meeting Room', '2024-12-01', 'Exchange your old textbooks for ones you want!'),
('Russian Studies Department Lobby', '2024-12-04', 'Recycle your textbooks and contribute to the community!'),
('South Asian Studies Department Seminar Room', '2024-12-07', 'Donate your used books and get eco-friendly giveaways!'),
('East Asian Studies Department Office', '2024-12-10', 'Join our recycling drive and make a difference!'),
('Sub-Saharan African Studies Department Lounge', '2024-12-13', 'Recycle your textbooks and win exciting prizes!'),
('European Union Studies Department Lobby', '2024-12-16', 'Donate your old books and support sustainability!'),
('Peace and Conflict Studies Department Meeting Room', '2024-12-19', 'Participate in our recycling drive and make a difference!'),
('Global Studies Department Lounge', '2024-12-22', 'Exchange your old textbooks for ones you want!'),
('International Relations Department Seminar Room', '2024-12-25', 'Recycle your textbooks and earn rewards!'),
('Public Administration Department Office', '2024-12-28', 'Donate your study materials and get eco-friendly giveaways!'),
('Urban Studies Department Lobby', '2025-01-01', 'Join our book swap event and reduce waste!'),
('Architecture Department Studio', '2025-01-04', 'Recycle your textbooks and support our initiative!');


INSERT INTO EventParticipation (UserID, EventID, Role) VALUES
(1, 1, 'Organizer'),
(2, 1, 'Facilitator'),
(3, 1, 'Speaker'),
(1, 2, 'Participant'),
(2, 2, 'Attendee'),
(3, 2, 'Attendee'),
(1, 3, 'Facilitator'),
(2, 3, 'Participant'),
(3, 3, 'Participant'),
(1, 4, 'Attendee'),
(2, 4, 'Participant'),
(3, 4, 'Attendee'),
(1, 5, 'Facilitator'),
(2, 5, 'Speaker'),
(3, 5, 'Participant'),
(1, 6, 'Organizer'),
(2, 6, 'Facilitator'),
(3, 6, 'Speaker'),
(1, 7, 'Participant'),
(2, 7, 'Attendee'),
(3, 7, 'Attendee'),
(1, 8, 'Facilitator'),
(2, 8, 'Participant'),
(3, 8, 'Participant'),
(1, 9, 'Participant'),
(2, 9, 'Attendee'),
(3, 9, 'Attendee'),
(1, 10, 'Speaker'),
(2, 10, 'Participant'),
(3, 10, 'Participant'),
(1, 11, 'Participant'),
(2, 11, 'Attendee'),
(3, 11, 'Attendee'),
(1, 12, 'Attendee'),
(2, 12, 'Facilitator'),
(3, 12, 'Participant'),
(1, 13, 'Participant'),
(2, 13, 'Participant'),
(3, 13, 'Attendee'),
(1, 14, 'Attendee'),
(2, 14, 'Speaker'),
(3, 14, 'Participant'),
(1, 15, 'Participant'),
(2, 15, 'Facilitator'),
(3, 15, 'Participant'),
(1, 16, 'Participant'),
(2, 16, 'Attendee'),
(3, 16, 'Attendee'),
(1, 17, 'Participant'),
(2, 17, 'Speaker'),
(3, 17, 'Participant'),
(1, 18, 'Facilitator'),
(2, 18, 'Participant'),
(3, 18, 'Participant'),
(1, 19, 'Participant'),
(2, 19, 'Attendee'),
(3, 19, 'Attendee'),
(1, 20, 'Speaker'),
(2, 20, 'Participant'),
(3, 20, 'Participant'),
(1, 21, 'Participant'),
(2, 21, 'Participant'),
(3, 21, 'Attendee'),
(1, 22, 'Facilitator'),
(2, 22, 'Participant'),
(3, 22, 'Participant'),
(1, 23, 'Participant'),
(2, 23, 'Attendee'),
(3, 23, 'Attendee'),
(1, 24, 'Participant'),
(2, 24, 'Speaker'),
(3, 24, 'Participant'),
(1, 25, 'Participant'),
(2, 25, 'Facilitator'),
(3, 25, 'Participant'),
(1, 26, 'Participant'),
(2, 26, 'Attendee'),
(3, 26, 'Attendee'),
(1, 27, 'Participant'),
(2, 27, 'Speaker'),
(3, 27, 'Participant'),
(1, 28, 'Facilitator'),
(2, 28, 'Participant'),
(3, 28, 'Participant'),
(1, 29, 'Participant'),
(2, 29, 'Attendee'),
(3, 29, 'Attendee'),
(1, 30, 'Speaker'),
(2, 30, 'Participant'),
(3, 30, 'Participant'),
(1, 31, 'Participant'),
(2, 31, 'Facilitator'),
(3, 31, 'Participant'),
(1, 32, 'Participant'),
(2, 32, 'Attendee'),
(3, 32, 'Attendee'),
(1, 33, 'Participant'),
(2, 33, 'Speaker'),
(3, 33, 'Participant'),
(1, 34, 'Facilitator'),
(2, 34, 'Participant'),
(3, 34, 'Participant'),
(1, 35, 'Participant'),
(2, 35, 'Attendee'),
(3, 35, 'Attendee'),
(1, 36, 'Speaker'),
(2, 36, 'Participant'),
(3, 36, 'Participant'),
(1, 37, 'Participant'),
(2, 37, 'Facilitator'),
(3, 37, 'Participant'),
(1, 38, 'Participant'),
(2, 38, 'Attendee'),
(3, 38, 'Attendee'),
(1, 39, 'Participant'),
(2, 39, 'Speaker'),
(3, 39, 'Participant'),
(1, 40, 'Facilitator'),
(2, 40, 'Participant'),
(3, 40, 'Participant'),
(1, 41, 'Participant'),
(2, 41, 'Participant'),
(3, 41, 'Attendee'),
(1, 42, 'Facilitator'),
(2, 42, 'Participant'),
(3, 42, 'Participant'),
(1, 43, 'Participant'),
(2, 43, 'Attendee'),
(3, 43, 'Attendee'),
(1, 44, 'Participant'),
(2, 44, 'Speaker'),
(3, 44, 'Participant'),
(1, 45, 'Participant'),
(2, 45, 'Facilitator'),
(3, 45, 'Participant'),
(1, 46, 'Participant'),
(2, 46, 'Attendee'),
(3, 46, 'Attendee'),
(1, 47, 'Participant'),
(2, 47, 'Speaker'),
(3, 47, 'Participant'),
(1, 48, 'Facilitator'),
(2, 48, 'Participant'),
(3, 48, 'Participant'),
(1, 49, 'Participant'),
(2, 49, 'Attendee'),
(3, 49, 'Attendee'),
(1, 50, 'Speaker'),
(2, 50, 'Participant'),
(3, 50, 'Participant'),
(1, 51, 'Participant'),
(2, 51, 'Facilitator'),
(3, 51, 'Participant'),
(1, 52, 'Participant'),
(2, 52, 'Attendee'),
(3, 52, 'Attendee'),
(1, 53, 'Participant'),
(2, 53, 'Speaker'),
(3, 53, 'Participant'),
(1, 54, 'Facilitator'),
(2, 54, 'Participant'),
(3, 54, 'Participant'),
(1, 55, 'Participant'),
(2, 55, 'Attendee'),
(3, 55, 'Attendee'),
(1, 56, 'Speaker'),
(2, 56, 'Participant'),
(3, 56, 'Participant'),
(1, 57, 'Participant'),
(2, 57, 'Facilitator'),
(3, 57, 'Participant'),
(1, 58, 'Participant'),
(2, 58, 'Attendee'),
(3, 58, 'Attendee'),
(1, 59, 'Participant'),
(2, 59, 'Speaker'),
(3, 59, 'Participant'),
(1, 60, 'Facilitator'),
(2, 60, 'Participant'),
(3, 60, 'Participant'),
(1, 61, 'Participant'),
(2, 61, 'Attendee'),
(3, 61, 'Attendee'),
(1, 62, 'Speaker'),
(2, 62, 'Participant'),
(3, 62, 'Participant'),
(1, 63, 'Participant'),
(2, 63, 'Facilitator'),
(3, 63, 'Participant'),
(1, 64, 'Participant'),
(2, 64, 'Attendee'),
(3, 64, 'Attendee'),
(1, 65, 'Participant'),
(2, 65, 'Speaker'),
(3, 65, 'Participant'),
(1, 66, 'Facilitator'),
(2, 66, 'Participant'),
(3, 66, 'Participant'),
(1, 67, 'Participant'),
(2, 67, 'Attendee'),
(3, 67, 'Attendee'),
(1, 68, 'Speaker'),
(2, 68, 'Participant'),
(3, 68, 'Participant'),
(1, 69, 'Participant'),
(2, 69, 'Facilitator'),
(3, 69, 'Participant'),
(1, 70, 'Participant'),
(2, 70, 'Attendee'),
(3, 70, 'Attendee'),
(1, 71, 'Participant'),
(2, 71, 'Speaker'),
(3, 71, 'Participant'),
(1, 72, 'Facilitator'),
(2, 72, 'Participant'),
(3, 72, 'Participant'),
(1, 73, 'Participant'),
(2, 73, 'Attendee'),
(3, 73, 'Attendee'),
(1, 74, 'Speaker'),
(2, 74, 'Participant'),
(3, 74, 'Participant'),
(1, 75, 'Participant'),
(2, 75, 'Facilitator'),
(3, 75, 'Participant'),
(1, 76, 'Participant'),
(2, 76, 'Attendee'),
(3, 76, 'Attendee'),
(1, 77, 'Participant'),
(2, 77, 'Speaker'),
(3, 77, 'Participant'),
(1, 78, 'Facilitator'),
(2, 78, 'Participant'),
(3, 78, 'Participant'),
(1, 79, 'Participant'),
(2, 79, 'Attendee'),
(3, 79, 'Attendee'),
(1, 80, 'Speaker'),
(2, 80, 'Participant'),
(3, 80, 'Participant');
